[{"Active":false,"Adress":0,"Blocked":0,"Date":"2014-06-10T12:39:50+03:00","DateExpire":"0001-01-01T00:00:00","Id":1587605,"Name":"Майстер по ремонту мобільних телефонів","Publication":"standart_job","Region":44,"TextResponse":0,"Responses":[]},{"Active":false,"Adress":0,"Blocked":0,"Date":"2014-07-30T12:36:37+03:00","DateExpire":"0001-01-01T00:00:00","Id":1621871,"Name":"Спеціаліст з контекстної реклами, інтернет-маркетолог","Publication":"standart_job","Region":44,"TextResponse":0,"Responses":[]},{"Active":false,"Adress":0,"Blocked":0,"Date":"2016-01-29T15:41:42+02:00","DateExpire":"0001-01-01T00:00:00","Id":2056177,"Name":"Асистент, контент-менеджер, адміністратор інтернет-магазину","Publication":"standart_job","Region":44,"TextResponse":0,"Responses":[]},{"Active":false,"Adress":0,"Blocked":0,"Date":"2017-05-02T14:42:10+03:00","DateExpire":"0001-01-01T00:00:00","Id":2655044,"Name":"Керуючий ОСББ","Publication":"standart_job","Region":44,"TextResponse":0,"Responses":[]},{"Active":false,"Adress":0,"Blocked":0,"Date":"2017-07-16T14:47:17+03:00","DateExpire":"0001-01-01T00:00:00","Id":2768088,"Name":"Вихователь для дітей, аніматор","Publication":"standart_job","Region":44,"TextResponse":0,"Responses":[]},{"Active":false,"Adress":0,"Blocked":0,"Date":"2018-08-20T18:54:22+03:00","DateExpire":"0001-01-01T00:00:00","Id":3284472,"Name":"Менеджер по роботі з англомовними клієнтами во Львов","Publication":"","Region":39,"TextResponse":0,"Responses":[]},{"Active":false,"Adress":0,"Blocked":0,"Date":"2020-02-26T20:22:05+02:00","DateExpire":"0001-01-01T00:00:00","Id":3838532,"Name":"Персональний асистент","Publication":"standart_job","Region":44,"TextResponse":0,"Responses":[]},{"Active":true,"Adress":0,"Blocked":0,"Date":"2020-04-08T14:01:59+03:00","DateExpire":"0001-01-01T00:00:00","Id":3841412,"Name":"Junior Database Developer (PostgreSQL) in Lviv","Publication":"standart_job","Region":44,"TextResponse":0,"Responses":[{"Date":"2020-04-27T15:56:16+03:00","Email":"andrii.shykoriak@gmail.com","Fio":"Андрій Шикоряк","Id":158747880,"Phone":"+380631484924","Text":"Summary\n• I am looking for a friendly team of specialists who are ready to help me\nbring benefits to the product and improve my skills.\n• Constantly improving my skills and using new technologies because it can\nbe a hobby, a job and I like it.\n• I'm ready.\n\nWork Experience\n04/2019-11/2019\nDronix service(own business,Manager)\n• Entrepreneurship.Store sale of professional drones, spare parts and\naccessories.\n• Official service center DJI, repair drones.\nDuties:\n• Development of enterprise development strategy;\n• Final state control;\nAndrii Shykoriak                        • Work on the product (implementation of proposals for changes in quality\nand quantity of characteristics);\n• Operations management,logistics management;\n• Management of the enterprise supply system (control of interaction with\nsuppliers and operative intervention in violation of agreements, control of\nContact\norders).\nKey achievements:\nAddress\n• Increasing ef iciency through business processes (many processes are\nLviv\nautomated, such as: ordering process, logistics, accounting);\n• has concluded exclusive agreements (with DroneUA distributor,\nPhone/Viber/Telegram\nIPEOPLE);\n+380631484924\n• Introduced the Scrum methodology;\nAs a result, it has increased its gross income every month by 30-50%.\nEmail\nandrii.shykoriak@gmail.com\n01/2013 - 09/2018\nArena Lviv(Head-steward)\nFacebook\n• was responsible for the safety of football fans and for organizing traffic to\nhttps://www.facebook.com/profile.p\nthe Arena Lviv.\nhp?id=100003590400761\n06/2018 - 08/2018\nin\nNetherlands company(Manager)\nhttps://www.linkedin.com/in/andrii-\n• team in-house construction workers(4 people).\ns-678a41148/\nNetherlands(Den Haag).Solved the problem installing marble.\n\n11/2017 - 02/2018\nOwn business(Manager)\nProfessional Skills                     • сo-founder of team specialized in delivery of graphic\ncards.Mining.Сryptocurrency\n• Java 8 • Jdbc • Hibernate\n• Spring framework • Sql • Jpa                                                                   07/2017 - 09/2017\n• Git • MYSQL • Intellij Idea         Own business(Manager)\n• Agile • Scrum • Waterfall            • founder of team specialized on facade work(8 people in the team).\n• Jira • Trello • AWS IoT             Was responsible for the warming of the houses and the beautiful\n• Html • Css • Bootstrap              appearance of the facade.\n• Tomcat • Spring Security\n• Angular\n• English-middle level\n• honest • polite                    Education\n• goal oriented • deadline-driven\n\f                                    • inventive                                                                                       2018-2019\n• i have analytical skills              National University of Lviv Polytechnic\n• i have humanitarian skills             • Computer systems and network master's degree(diploma: development\n• good team player                      of tools for teamwork management of robots)\n• attention to details\n• ability to make the right decision                                                               2014 - 2018\nquickly                                  National University of Lviv Polytechnic\n• Computer engineering bachelor's degree.(diploma: development of\nsmart home)\n\n2012 - 2014\nTechnological College National University of Lviv Polytechnic\n• Faculty of Law\n\nCertificates\n2017 Completed course at Okten-Web University - JAVA development\n2019 online course Java (Epam)\n\nPowered by TCPDF (www.tcpdf.org)\n\f","Type":"file"},{"Date":"2020-04-26T23:27:11+03:00","Email":"olehfromukraine@gmail.com","Fio":"Іванський Олег Романович","Id":158719728,"Phone":"+380988950496","Text":"Contact information\n\nPhone: +380988950496\nEmail:olehfromukraine@gmail.com\nSkype: olehfromukraine\n\nOleh Ivanskyi\nSkills\nI easily accept criticism, persistent, teamwork, creative problem solving\n\nExperience / IT related educational practice\nWaiter in restaurant Dynasti 08.2017-09.2018\nOperator in Adelina 11.2018-02.2019\n\nLanguages\nUkrainian / fluent\n\nRussian / fluent\n\nEnglish / intermediate \n\nPolish / intermediate \n\nEducation\nEngineering mechanics/MSc /UNFU\n2014-2020\n\nComputer Science /MSc/ UNFU\n2018-2019\n\nHobbies\nHigh technology, Music, History","Type":"file"},{"Date":"2020-04-26T14:51:54+03:00","Email":"oleg.hoj@gmail.com","Fio":"Oleh Hoi","Id":158707219,"Phone":"+380676450687","Text":"Curriculum vitae\n\nPERSONAL INFORMATION\tOleh Hoi\n\n30, Syhivska Street, 79066 Lviv (Ukraine)\n\n(+380)676450687\n\noleg.hoj@gmail.com\n\nhttps://instagram.com/oleg_hoj?utm_source=ig_profile_share&igshid=vzlw90i749mg\nhttps://www.facebook.com/profile.php?id=100008809505271&ref=bookmarks\n\nSkype olegvikag\n\nSTUDIES APPLIED FOR\tStudent of the 3nd course\n\nPERSONAL SKILLS\n\nMother tongue(s)\nUkrainian\n\nForeign language(s)\nUNDERSTANDING\nSPEAKING\nWRITING\n\nListening\nReading\nSpoken interaction\nSpoken production\n\nEnglish\nB1\nB1\nB1\nA2\nB1\n\nLanguage Assessment Sheet\n\nRussian\nC2\nC2\nC2\nC2\nC1\n\nPolish\n\nA2\nB1\nA1\nA1\nA1\n\nLevels: A1 and A2: Basic user - B1 and B2: Independent user - C1 and C2: Proficient user\n\nCommon European Framework of Reference for Languages\n\nCommunication skills\t- good communication skills gained through my studying at the University;\n\ngreat contact skills with peers gained through my experience as a member of the Students' Trade Union Bureau\n\nOrganisational / managerial skills\t- good team-leading skills gained as one of the main organiser in the Students' Trade Union Bureau\n\nDigital skills\n\nSELF-ASSESSMENT\n\nInformation\nCommunication\nContent\nSafety\nProblem-\n\nprocessing\n\ncreation\n\nsolving\n\nProficient user\nProficient user\nProficient user\nProficient user\nProficient user\n\nDigital skills - Self-assessment grid\n\ngood command of Microsoft Office Suite (Word , Excel, Access, PowerPoint,  Adobe Acrobat, Publisher, Outlook), Git, HTML5, CSS3;\n\n-familiar with Java8(Core), MySql, JavaScript(Core), Angular(basics principles), Scrum, Kanban Photoshop, Bootstrap.\t\n\nAbout me:\tI am 19 years old, and my software development experience is about 1 year. I am looking for a good company and a place where I can find very intelligent and experienced engineers, and I will be happy to join your company. My small dream is to get a full-time developer position at company.\n\tI was developing a web-site. I also have experience in programming on Java, Js and I can create databases and query. I understand the basic principles of OOP development and familiar with the operation of the HTTP protocol. I have an understanding of client-server development.\n\n25/03/2020\t© European Union, 2002-2019 | http://europass.cedefop.europa.eu\tPage 1 /2\n\nCurriculum vitae\tOleh Hoi\n\nEDUCATION AND TRAINING\n\n01/09/2017–Present\n\nIvan Franko National University of Lviv, Lviv (Ukraine)\n\nMain subjects: English, Political Economy, Introduction to Profession, Microeconomics, Java, OOP,   Macroeconomics, Algorithmazation and Programming, Databases, Internet Technology.\n01/11/2019–Present\n\nOkten Web University, Lviv (Ukraine)\n\tDirection: Java Complex;\n\n2019–25/06/2019\tCertificate of Completion a Traning Course on Excel\n\tSenior Specialist Eduard Mehed, Course Head, PwC(Lviv)\n\n2018–19/11/2018\nAttendance at theTime-Management lecture by Iryna Maksymenko, the Director of the Providing Services Center \"PricewaterhouseCooper (PwC)\"\n\n2018–17/11/2018\tCertificate of the participant of the round table \"Tools for Processing and Visualization of data in Economy\"\n\nOrganizer: І.B. Shevchuk, Chairman of the organizing committee, in. at. Head of the Economic Cybernetics Department PhD in Economics, Associate Professor., Lviv (Ukraine)\n\n2018–17/05/2018\n\nCertificate of the participant of the round table \"Information Technologies in Professional Business Analysis and Management of Business Projects\".\n\nOrganizer: І.B. Shevchuk, Chairman of the organizing committee, in. at. Head of the Economic Cybernetics Department PhD in Economics, Associate Professor, Lviv (Ukraine)\n\n26/01/2017–09/02/2017\n\nCertificate of Completion № ІТ/05-17\n\nA 10-hour training course in Information Technology in Business, Ivan Franko National University of Lviv Faculty of Financial Management and Business Economic Cybernetics Department. Іryna Shevchuk, Course Head, Lviv (Ukraine)\n\n14/06/2016–17/06/2016\n\nCertificate in Project \"School Entrepreneurship\"\n\nAttendance at the training cources \"From Business Idea to Business Plan\"., Lviv (Ukraine)\n\nADDITIONAL INFORMATION\n\nHonours and awards\t- A winner of the first Children's Junior Football Leaque in Ivano-Frankivsjk region, U-18, 2017-2018;\n\nA member of the Super Cup of the first Children's Junior Football Leaque in Ivano-Frankivsjk region, U-18, 2017-2018.\nMemberships:    - A member of the Students' Bureau at the Faculty of Financial Management and Business, 2019-20\n\t- A member of the Students' Council at the Faculty of Financial Management and Business, 2019-20\n\n25/03/2020\t© European Union, 2002-2019 | http://europass.cedefop.europa.eu\tPage 2/2","Type":"file"},{"Date":"2020-04-25T17:56:37+03:00","Email":"abdelsalam.megahed@gmail.com","Fio":"Megahed Abdelsalam","Id":158690851,"Phone":"","Text":"Abdelsalam Megahed\nLemyka 30 B, Lviv, Ukraine| abdelsalam.megahed@gmail.com | +380637406925\nLanguages: Native Arabic, Fluent English, Intermediate Ukrainian\n\nLinkedIn: Click here please\n\nEDUCATION & CERTIFICATES\nTALLINN UNIVERSITY                                                                Sep 2019-2021\nMaster of Software Engineering\n\nHELWAN UNIVERSITY\nBachelor of Computer Science                                                       2015-Jan 2019\n\nIBM\n2018\nData Scientist: Explorer Award, Business Analyst: Mastery Award\n\nUdemy, Coursera & edX\n2019\nCS50 Introduction to Computer Science by Harvard University\n2019\nAdvanced CSS and Sass: Flexbox, Grid, Animations\n2019\nCertificate of completion of JavaScript, NodeJS, Angular & React course                        2020\nCertificate of completion of Java, Spring & Spring Boot course                                 2020\nCertificate of completion of Docker Mastery: with Kubernetes + Swarm\n\nBooks Clean Code by Robert C. Martin\n\nEXPERIENCE\nC# DEVELOPER INTERN                                                              Sep 2019- Dec\nALPA Kids\n- Developed educative apps on Unity game engine for Android and IOS\n\nJAVASCRIPT DEVELOPER INTERN                                                         Jan-May 2019\nAIESEC in Estonia\n- Developed Front-end with React & Redux\n- Developed Back-end with Node JS\n\nSOFTWARE DEVELOPER INTERN\nAIESEC in Egypt\n-Developed Back-End with Java, Spring Boot                                      July-Dec 2018\n-Used PostgreSQL as a SQL database\n\nSKILLS\nTECHNICAL – C++, Data Structures, Algorithms, PHP, Laravel, Java, Hibernate, JPA, Spring Boot,\nSpring Security, Tomcat, JUnit, TDD, HTML, CSS, SASS, JavaScript, Webpack, Babel, Node, Express,\nAngular, React, Hooks, React Native, Expo, Redux, Jest, Postman, SQL, MySQL, PostgreSQL,\nMongoDB, GIT, GitHub, AWS, Docker, Compose, Swarm, C#, Unity, Mac, Linux, Windows.\n\nLEADERSHIP – Team Player, Critical Thinking, Solution Orientation, Agility, Problem Solving.\n\f","Type":"file"},{"Date":"2020-04-25T17:55:15+03:00","Email":"abdelsalam.megahed@gmail.com","Fio":"Megahed Abdelsalam","Id":158690812,"Phone":"","Text":"Abdelsalam Megahed\nLemyka 30 B, Lviv, Ukraine| abdelsalam.megahed@gmail.com | +380637406925\nLanguages: Native Arabic, Fluent English, Intermediate Ukrainian\n\nLinkedIn: Click here please\n\nEDUCATION & CERTIFICATES\nTALLINN UNIVERSITY                                                                Sep 2019-2021\nMaster of Software Engineering\n\nHELWAN UNIVERSITY\nBachelor of Computer Science                                                       2015-Jan 2019\n\nIBM\n2018\nData Scientist: Explorer Award, Business Analyst: Mastery Award\n\nUdemy, Coursera & edX\n2019\nCS50 Introduction to Computer Science by Harvard University\n2019\nAdvanced CSS and Sass: Flexbox, Grid, Animations\n2019\nCertificate of completion of JavaScript, NodeJS, Angular & React course                        2020\nCertificate of completion of Java, Spring & Spring Boot course                                 2020\nCertificate of completion of Docker Mastery: with Kubernetes + Swarm\n\nBooks Clean Code by Robert C. Martin\n\nEXPERIENCE\nC# DEVELOPER INTERN                                                              Sep 2019- Dec\nALPA Kids\n- Developed educative apps on Unity game engine for Android and IOS\n\nJAVASCRIPT DEVELOPER INTERN                                                         Jan-May 2019\nAIESEC in Estonia\n- Developed Front-end with React & Redux\n- Developed Back-end with Node JS\n\nSOFTWARE DEVELOPER INTERN\nAIESEC in Egypt\n-Developed Back-End with Java, Spring Boot                                      July-Dec 2018\n-Used PostgreSQL as a SQL database\n\nSKILLS\nTECHNICAL – C++, Data Structures, Algorithms, PHP, Laravel, Java, Hibernate, JPA, Spring Boot,\nSpring Security, Tomcat, JUnit, TDD, HTML, CSS, SASS, JavaScript, Webpack, Babel, Node, Express,\nAngular, React, Hooks, React Native, Expo, Redux, Jest, Postman, SQL, MySQL, PostgreSQL,\nMongoDB, GIT, GitHub, AWS, Docker, Compose, Swarm, C#, Unity, Mac, Linux, Windows.\n\nLEADERSHIP – Team Player, Critical Thinking, Solution Orientation, Agility, Problem Solving.\n\f","Type":"file"},{"Date":"2020-04-24T12:17:16+03:00","Email":"vasgolster@gmail.com","Fio":"Василь Голод","Id":158651893,"Phone":"","Text":"Vasyl Holod\nJunior Java Developer with more than one year of IT experience.\nFamiliar with technologies: Java, SQL, Oracle BI\nI see my future development in mass data processing\nand artificial intelligence\n\nPhone number: 067 3704022\nEmail: vasgolster@gmail.com\n\nPERSONAL SKILLS\nknowledge of       Java 8, Servlets, JSP,\nSpring, Hibernate, JDBC, Maven, Junit\nexperience with    PostgreSQL, MySQL, Oracle\nHTML, CSS, XML, JSON, AJAX, JavaScript\nLinux, Git, Docker\nexperience with    Oracle Business Intelligence\nknowledge of       QA methodology\n\nWORK EXPERIENCE\n2017-2019. Database Developer at TMC Lvivkholod LTD:\n\n support existing projects of Java\n\n development of new projects using Java, Spring, SQL, JDBC, Tomcat\n\n support and refactoring existing projects of Oracle BI 10\n2017. Beta QA at Nova Poshta, remote work.\n2007-2017. Co-founder SC \"Electroservice\". Maintenance of digital and consumer\nelectronics.\n1997-2007. System administrator \"Kremenetsarhproekt\".\n1996-1997. Electronics technician in the SC \"Karat\".\nEDUCATION\n2017 - Logos IT Academy. Java Developer. IT English.\n2016 - Yurij Chernogorcev IT-school, online. QA.\n\n2000 - Bachelor's degree in Ivan Franko National University of Lviv.\nQualification: electronics technician. Field of study: “Production of electrical computer\nengineering”\n\nLANGUAGE SKILLS\nNative language:   Ukrainian\nOther languages:   English - B1/B2\n\f","Type":"file"},{"Date":"2020-04-24T01:28:19+03:00","Email":"nikita.vystoropsky@gmail.com","Fio":"Высторопский Никита Aнтонович","Id":158640263,"Phone":"+380953638641","Text":"Резюме от 03.01.2020\n\nFront-end developer, полная занятость, удаленная работа\n\nВозраст: 21 год\nЖелаемый город работы: Краматорск\n\nКонтактная информация\nТелефон: +380953638641\nЭл. почта: nikita.vystoropsky@gmail.com\n\nОпыт работы\nFront-end developer c 08.2019 по наст. время (8 месяцев)\nFreelance (self-employed)\n\nОбразование\nНеоконченное высшее c 09.2016 по 07.2020\nДонбасская Государственная Машиностроительная Академия, ФАМИТ/AПП, Краматорск\n\nВладение языками\nАнглийский - выше среднего\n\nДополнительная информация\nTech skills:\r\n\r\n--HTML5(PUG)/CSS3(SCSS)\r\n\r\n--JS(JQUERY)\r\n\r\n--BOOTSTRAP(3/4)\r\n\r\n--GULP\r\n\r\n--GIT\r\n\r\n--PHP/MYSQl","Type":"resume"},{"Date":"2020-04-23T19:12:13+03:00","Email":"bohdanrenchka@gmail.com","Fio":"Садовий Богдан Ігорович","Id":158631038,"Phone":"+380931133847","Text":"Bohdan Renchka\n bohdanrenchka@gmail.com                             +380931133847\n\nBrief information\nhigh communication level, ability to prioritize quickly, confident PC user, higher education, active life position, integrity,\nstrategic thinking, sociability, confidence and desire to work.\n\nSpecial Skills: Driving License (Category B);\n\nKnowledge of German: B2;\n\nKnowledge of English: Intermediate;\n\nKnowledge of Polish: intermediate;\n\nKnowledge of Russian: fluent;\n\nComputer literacy: Microsoft Office, Upwork, Outlook Express; CRM: 1С, Битрикс24\nHobbies: Football, volleyball, tennis\n\nExperience\nMMplus                   Building long-term relationships with key clients\nRegional manager              Organization of effective work of employees in the region\nBusiness and team development in the region\n11/2019 - тепер. час\nConducting double visits, coaching sessions\nEnsure effective implementation of marketing strategy in the region\nSale of medical equipment. Frequent business trips.\nTeam Lead                  Selling healthy food to the German market. Handling of objections, control of delivery\nSales Manager -Team Lead           of goods. My responsibilities as a Team Lead are motivating sales managers, listening\nto calls and adjusting, training.\ncustomers are German speaking.\n09/2018 - 09/2019\nAUTOFUN                    Active sales of auto parts to Austria\nSales-Support Manager            Searching for clients, maintaining a client base, signing contracts;\nImplementation of sales plans in the assigned territory;\n06/2017 - 08/2018\nWorking with leasing companies and banks, clients in German.\n\nОсвіта\nLOGOS IT ACADEMY                   Full Stack Java + JS\n2018 - 2019\n\nLviv Polytechnic National          Business Economics\nUniversity\n2012 - 2017\n\f","Type":"file"},{"Date":"2020-04-23T13:29:44+03:00","Email":"humenyak1999@gmail.com","Fio":"Михайло Гуменяк","Id":158615448,"Phone":"+380509020691","Text":"Mykhailo Gumeniak\nLviv\n\n+380509020691\n\nhumenyak1999@gmail.com\n\nSummary: Motivated student of Computer Engineering with experience in\nJava       technologies is looking for place to continue career, grow up\ncommunicative and developer skills.\n\nLanguages\nEnglish:                                   Upper-Intermediate\nUkrainian:                                 Native\n\nRussian:                                     Fluent\nHobbies\nThe main hobby IT world, especially new gadgets and technologies. Interested in hardware and code, of course.\n\f","Type":"file"},{"Date":"2020-04-22T10:32:19+03:00","Email":"","Fio":"Личные данные скрыты","Id":158562605,"Phone":"","Text":"Резюме от 20.04.2020\n\nПрограміст баз даних, от 15000грн/мес., полная занятость, неполная занятость, удаленная работа\n\nАвтор этого резюме скрыл свои контакты. \n\nОпыт работы\nФулстек девелопер c 10.2017 по наст. время (2 года 6 месяцев)\nIT\n1. Досвід роботи в IT-галузі за сумісництвом із кінця 2017р. по сьогодні:\r\n1.1. Досвід роботи: https://followme.lviv.ua, а саме: \r\n\r\n-\tстилізація сайту згідно розробленого дизайну за допомогою  CSS3 і Bootstrap ;\r\n-\tадаптивна верстка сайті;\r\n-\t змінювання структури зовнішнього вигляду та відсортовування елементів за допомогою Javascript та jQuery (сортування у фільтрі, пошук на сторінці search, та інші функцій);\r\n-\tмодифікування, змінювання та доповнювання  даних в збережених процедурах та запитів в SQL Server;\r\n-\tнаписання C# коду в методах моделях та контролерах ASP.NET MVC;\r\n-\tзнання  внутрішньої оптимізації сайту (SEO): добавляння мета тегів (title, description,  keywords),  robots.txt, sitemap, nofollow. \r\n\r\n1.2. Досвід роботи: https://fox-exclusive.com.ua, а саме: \r\n\r\n-\tнаповнення сайту інформацією (налаштуванням, рекламуванням) на платформі prom.ua;\r\n-\tроботи з  google console, google analytics, google adwords та simple-seo-tools;\r\n\r\nНавики роботи в програмах: \r\n Microsoft Visual Studio, Microsoft SQL Server Management Studio, photoshop, Eclipse, в багатьох  текстових редакторах та Microsoft Office\n\nФулстек девелопер c 10.2017 по наст. время (2 года 6 месяцев)\nIT\n\nЮрист c 04.2010 по наст. время (10 лет)\nАграрна сфера\n2. Досвід роботи юрисконсульта та офісного працівника з 2010р. по сьогодні у ЛОДЦЕСР\r\n\r\n-\tукладання та правовий аналіз договорів та їх візування\r\n-\tведення і контроль кадрової роботи: візування наказів \r\n-\tпідготовка позовної  документації та представлення їх в судах\r\nведення діловодства,\n\nОбразование\nВысшее c 09.2005 по 06.2010\nЛУБП, Правознавство, Львів\n\nДополнительное образование\n1 рік - Logos IT Academy\n\nПрофессиональные навыки\nНавыки работы с компьютером\n3. Виконую обов’язки системного адміністратора з 2010р. по сьогодні у ЛОДЦЕСР\r\n- встановлення операційної системи;\r\n- встановлення офісних та інших програм;\r\n- встановлення програмного забезпечення (MeregaM, налаштування  клієнтського місця ощадбанку, Райффайзен Банк Аваль, E-звітності, Парус,  та ін..)\r\n - налаштування мереж між комп’ютерами і спільним доступом до принтера;\r\n- налаштування мережевого обладнання \r\n- вільне володіння офісних та ін.. програм\n","Type":"resume"},{"Date":"2020-04-21T10:28:55+03:00","Email":"jackhoover88@yandex.kz","Fio":"Бондарев Илья","Id":158519422,"Phone":"+77776919105","Text":"Bondarev Ilya\nMale, 23 years, born on 2 October 1996\n\n+7 (777) 6919105\njackhoover88@yandex.com — preferred means of communication\n\nReside in: Almaty\nCitizenship: Kazakhstan\nNot ready to relocate, ready for rare business trips\n\nDesired position and salary\nData Analyst (Junior)\nCareer Starters, Students\n• IT, Internet, Multimedia\n• Science, Education\n• Finance, Banking, Investment\nEmployment: part time, full time\nWork schedule: remote working, flexible schedule, full day\nDesired travel time to work: any\n\nWork experience — 1 year 10 months\nSeptember 2019 —     Kaggle\ntill now\nbit.ly/kaggle_profile_\n8 months\nKaggle Learner&Competitor\nNowadays I do what I have always dreamed of but used to keep it for later - learn coding and apply the\nknowledge I get in practice. CodeAcademy and Coursera are the major sources of new knowledge and skills\nthat I hone competing on Kaggle. I'm passionate about Python Programming and Data Science :)\n\nApril 2019 — June    Upwork\n2019\n3 months             Freelance translator\nAs a freelancer I was offering professional translation/ localization/ subtitling/ captioning/ transcription and\nproofreading services on Upwork.\n\nMay 2018 —           Bitcointalk\nSeptember 2018       bitcointalk.org\n5 months\nBounty Hunter\nI was bounty hunting on bitcointalk.com (popular forum dedicated to bitcoin, blockchain technology and\ncryptocurrency). Participated in different bounty campaigns, mostly my job consisted of finding a\ntrust-worthy blockchain startup that was about to launch a SMM campaign and promote them using all\navailable social media resources (BTCT forum, Twitter, Facebook, Medium and etc.).\n\nSeptember 2017 —     TrueGame\nFebruary 2018        ico.truegame.io\n6 months\nExecutive Assistant&Translator\nTrueGame is a blockchain-based platform for gambling and lotteries, the team successfully attracted\ninvestments valued at over 5000 ETH for their project. Working as an executive assistant I was tasked to\ntranslate some of the contents of the White Paper and the Announcement, handle email correspondence,\nsearch for data and summarize it in report tables, boost social media presence, and etc.\n\nResume updated 24 March 2020 at 13:59\n\fEducation\nMaster\n\n2019                  Kazakh-American Free University (KAFU)\nDepartment of Foreign Languages and Translation Studies, Translation and Translation Studies\n\n2018                  East Kazakhstan State University (EKSU)\nDepartment of Foreign Languages and Translation Studies, Translation and Translation Studies\n\nKey skills\nLanguages             Russian — Native\nEnglish — C2 — Proficiency\nGerman — B2 — Upper Intermediate\n\nSkills                Technical English       Business English     Python      Analytical skills   Pandas      NumPy\nScikit Learn      Matplotlib      Learning & Development      Cryptocurrency      Kaggle\nData Science       SQL\n\nFurther information\nAbout me              Bachelor of Arts, dropped out of university during Masters Course to pursue my dreams in Tech. Now I'm\nfull-time Data Science Learner and Competitor on Kaggle Platform.\nYou can find me on\nKaggle: http://bit.ly/kaggle_profile_\nGitHub: http://bit.ly/github_profile_\nLinkedIn: http://bit.ly/linkedin_profile_\n\nBondarev Ilya • Resume updated 24 March 2020 at 13:59\n\f","Type":"file"},{"Date":"2020-04-21T10:24:48+03:00","Email":"akostiv11@gmail.com","Fio":"Anastasiia Kostiv","Id":158519219,"Phone":"+380983542275","Text":"ANASTASIIA KOSTIV\nakostiv11@gmail.com\n\nEducation\n- Lviv Polytechnic National University, Bachelor of Business, Data Management,\nAnalytics, Statistics (September 2018 – June 2022,\navailability for internship 11/23/2020 – 02/26/2021 )\n- Google Digital Garage, Fundamentals of digital marketing (Certificate ID: LHF 5Q6 EFF)\n- Google Digital Garage, Understand of customers needs and behaviours (web analytics, tools to\nmeasure SEM, turn data into insights)\n- Developer Circles from Facebook, Data Scientist/Data Analyst with R learning track (January\n2020 – March 2020)\n- DataCamp, Data Analyst with R (February 2020)\n- DataCamp, Data Scientist with R (February 2020)\n- DataCamp, Data Analyst with SQL (March 2020)\n- Google Digital Garage, Promote your business with online advertising\n- EdX, Principles of a Consultative Sales Process\n- Google Analytics Academy, Advanced Google Analytics course (April 2020)\n\n- Courses (Self-Learning):\n§ Statistics & probability (Khan Academy);\n§ Product Design – product validation, UI/UX, Google’s Design Sprint and the process of\nsetting and tracking actionable metrics. (course created by Google, Udacity platform);\n§ Customer segmentation (Coursera);\n§ Business analysis(EdX);\n§ Market Segmentation Analysis (EdX);\n§ Business model (EdX) – Value of business model, Design of business model, Business\nmodel testing and implementation;\n§ Data, Models and Decisions in Business Analytics (EdX);\n§ Tableau basics (DataCamp);\n§ Data analysis in Spreasheets (DataCamp);\n§ Data Analytics for Business (EdX);\n§ Introduction to Analytics Modeling (EdX);\n§ Data skills for business (DataCamp);\n§ Data analyst with SQL(DataCamp);\n§ Python for Data scientist (EdX);\n§ Data Analytics and Visualization in Health Care (EdX);\n§ Computing for Data Analysis (EdX);\n§ Biomedical Image Analysis in Python (DataCamp);\n\nExperience\n- Marketing trainee specialist & Frontend developer, Subivi           July 2019 – October 2019\nCreating SWOT analysis, defining KEY metrics, developing website concept with React, HTML,\nCSS.\n\n- UI/UX & Frontend developer intern, Devlion                       October 2018 - October 2019\nDiscovering product accessibility, user flows, visual styles validation and material design\nimplementation, developing web cardiogram service based on data analysis in real-time.\n\n-   Website developer Intern, Netking company                                         Summer 2018\nDeveloping web-shops with php, bootstrap, AJAX, js, insales.\n\n- Smartsocket graduation project, MakerSpaceLviv course project                           May 2018\nThe goal of the project is smart socket where user can control electricity expenses and usage\nbased on his/her data. Also, turn on/off the device with the mobile application or the web service.\nCreated with rasberry, C, Arduino IDE, Esp8266, Angular2, Firebase, TypeScript, JS, HTML/CSS.\n\f -       Wings of Hope Graduation project, Lviv IT School (course project)                    May 2017\nThe Philanthropic market where donors can donate money to children with cancer or other chronic\ndisease. Philanthropic market employees track the money flow for each child via their account.\nCreated with Python, Materializecss, Flask, SQL, HTML/CSS, JS\n\n- Match three game, Lviv IT School (course project)                                         May 2017\nThe game consists of levels from easier to harder with ability to unlock next level and map. Created\nwith Construct2, Adobe Illustrator.\n\n- Melomaniac, Lviv IT School (course project)                                      November 2016\nThe aim of the project is the audio player, with the opportunity for users to register, authorize,\nupload music, close browser window and listen music in the stack (the application works as the\nbrowser extension). Created with JS, Node.js, HTML/CSS, MongoDB.\n\n- Website about movies, Lviv IT School (course project)                                                       July 2016\nCreated with JS, HTML/CSS, Bootstrapcss.\n\nLeadership and awards\n-    EBEC Case Studies (European BEST Engineering Competition) 2018 – 3rd place;\n-    Google Code In 2015/2016/2017 – participant;\n-    Google Science Fair 2016 – participant;\n-    Ukraine Tech Future 2016 – participant;\n-    Intel Techno Ukraine 2017 – 3rd place;\n-    Local Students Project Contest – 1st place;\n\nPUBLICATIONS & PROJECTS & LEISURE\nPublications:\n-    \"BIG DATA\" ANALYSIS IN ECONOMIC AND POLICY DECISION MAKING (Publisher: Lviv\nPolytechnic National University, October 2019);\nURL of publication: https://drive.google.com/file/d/1JXYt1yhV2uZug1uTlNpt_dbpe5FBiuY6/view\n\n-    CRYPTOCURRENCIES INVESTMENT ATTRACTIVENESS – PREDICTION BASED ON\nDATA ANALYSIS (Publisher: Lviv Polytechnic National University, January 2020);\nURL of publication: https://drive.google.com/file/d/18QF5p8Q7mKIM6iJuOZeCJeiPrC0wssKJ/view\n\nPROJECTS:\n- Planning Public Policy in Argentina – R technology, Data manipulation, Data Visualization,\nImporting and cleaning data;\n\nVolunteering:\n- MakerSpaceLviv (nonprofit educational organization) – experimental physics and OSMO\ncoding mentor (2017-2018);\n- Hour of code 2017/2018 – mentor;\n- Using Google tools for education – Trainer in local schools;\n\nREFERENCES FROM GOOGLE INC.:\n- GCI 2015 - https://drive.google.com/file/d/1K0BlyAU5FyfGI27p7idHSOR4iBlvslYB/view?usp=sharing\n- GCI 2016 - https://drive.google.com/file/d/1D-G7vjKJvGiXlw32Xy8cLH6RBd5UfqrI/view?usp=sharing\n- GCI 2017 - https://drive.google.com/file/d/1j3wZLlF4mA2oWawJqcv5PU4NrYiRmGQu/view?usp=sharing\n(When I finished my first Google Code-In, I got the summary letter with the recommendation to enclose it to my CV)\n\f","Type":"file"},{"Date":"2020-04-20T11:37:16+03:00","Email":"mig@ournet.info","Fio":"Графов Максим","Id":158492781,"Phone":"+380919828669","Text":"Максим Графов\nпсихология, маркетинг, политология, экономика, право,\nменеджмент, инженерия\n\nМестоположение\nПроживание: Украина, Одесса\nГотовность к работе: готов к переезду и удаленной работе\n\nВозраст и стаж\nСтаж: 14 лет и 10 месяцев\nВозраст: 31 год\n\nКонтактная информация\nХабр Карьера: https://career.habr.com/5485765\nTelegram: @logosland\nEmail: mig@ournet.info\nСайт: http://ournet.gq\n\nПрофессиональные навыки\n\nГрамотность • Бизнес аналитика • Стратегическое управление • Системное администрирование •\nСетевые технологии • Информационные технологии • Развитие бизнеса • Коучинг • Продажи •\nПроектирование\n\nОпыт работы\n\nОктябрь 2016 —              Аналитическая компания\nЯнварь 2020                 Аналитик\n(3 года и 4 месяца)\nУкраина, Одесса\n\nОбязанности и достижения\nОбязанности\n\nРуководство финансовой и хозяйственной деятельностью\nкомпании\nОрганизация работы с целью осуществления эффективного\nвзаимодействия подразделений компании\nОбеспечение выполнения всех обязательств компании перед\nкредиторами\nОрганизация ведения бухгалтерского учета, обеспечение\nсоставления всех форм отчетности\nУтверждение штатного расписания компании, должностных\nинструкций для сотрудников компании\nПринятие мер по обеспечению компании квалифицированными\nкадрами\nПринятие мер по обеспечению компании всем необходимым\nимуществом\nОбеспечение сохранности имущества компании\nОбеспечение защиты интересов компании в суде\nОсуществление комплекса мер по контролю выполнения\nсотрудниками компании требований законодательства,\nвнутренних нормативных документов компании и должностных\nобязанностей\nОсуществление комплекса мер по контролю выполнения\nрешений общего собрания акционеров, Совета директоров\n\f                           компании\nПредоставление сведений, отчетности о деятельности компании\nобщему собранию акционеров, Совету Директоров и ревизорам\nкомпании\n\nДостижения\n\nСоздал 10 филиалов в компании на основание внутреннего\nрегламента компании\nПолностью подбирал менеджмент филиалов\nПериодические коммерческие цели были достигнуты\nВся отчетность по филиалам с положительными результатами\nбыли разработаны\nПотенциальные клиенты были включены в портфолио компании\n\nПрименяемые навыки\nУправление людьми, Развитие бизнеса, Управление бизнес-\nпроцессами, Управление продуктами, Управление проектами,\nПостроение команды, Стратегическое планирование, Стратегическое\nуправление, Управление рисками, Оптимизация бизнес-процессов\n\nАвгуст 2014 —         Технологическая компания\nСентябрь 2016         Инженер\n(2 года и 2 месяца)\nМолдова, Кишинев\nОбязанности и достижения\nОбязанности\n\nОбщее курирование деятельностью технической\nинфраструктуры\nВзаимодействие со всеми сотрудниками и подразделениями по\nтехническим вопросам деятельности компании\nРеализация и контроль исполнения технических проектов,\nвзаимодействие с подрядчиками\nУправление техническими вопросами деятельности\nпредприятия по согласованию с руководством\nОрганизация и контроль проведения приёмо-сдаточных\nиспытаний оборудования и построенных объектов\nУчет, ответственность за ведение учета и обеспечение\nсохранности технологического имущества компании\nУправление коллективом\n\nДостижения\n\nАвтоматизация отделов продаж\nАвтоматизация партнерской сети\nАвтоматизация управленческих процессов, аналитических\nотчетов и финансовых транзакций\nПроведение научного исследования для получения научной\nстепени\nРазработка диагностических материалов для практического\nприменения в процессе научного исповедования\nНаписания научной документации для публикации научных\nматериалов\n\nПрименяемые навыки\nПрограммная инженерия, Сетевые технологии, Системное\nадминистрирование, Информационная безопасность, Мониторинг\nсетей, Проектирование сетей, Системы виртуализации,\nАдминистрирование сетей, Администрирование серверов, It-\nконсультирование, Телекоммуникации\n\fАвгуст 2012 —          Психологический центр\nИюль 2014              Психотерапевт\n(2 года)\nМолдова, Кишинев\nОбязанности и достижения\nОбязанности\n\nУстановку психотерапевтического диагноза\nОпределение тактики ведения больного в соответствии с\nустановленными правилами и стандартами\nНазначение необходимых комплексных обследований\nпациентам методы инструментальной, функциональной и\nлабораторной диагностики\nПроведение диагностических, лечебных, реабилитационных и\nпрофилактических процедур с использованием разрешенных\nметодов диагностики и лечения\nПривлечение в установленном порядке врачей других\nспециальностей для консультаций, обследования и лечения\nбольных\n\nДостижения\n\nПроведение научного исследования для получения научной\nстепени\nРазработка диагностических материалов для практического\nприменения в процессе научного исповедования\nНаписания научной документации для публикации научных\nматериалов\n\nПрименяемые навыки\nНаучно-исследовательская работа, Грамотность, Управление людьми,\nВедение переговоров, Планирование, Мониторинг и анализ рынка,\nБюджетирование проектов, Построение команды, Управление\nпроектами, Организация бизнес-процессов, Презентации\n\nСентябрь 2010 —        Юридическая компания\nИюль 2012\nЮрисконсульт\n(1 год и 11 месяцев)\nМолдова, Кишинев\n\nОбязанности и достижения\nОбязанности\n\nПроверка соответствия любых нормативных актов, издаваемых\nв компании, действующему законодательству, участие в\nразработке этих актов для оперативного внесения\nсоответствующих изменений, в необходимых случаях отмена\nизданных ранее приказов, распоряжений, в случае их\nнесоответствия законам\nУчастие в разработке и подписании коллективных договоров\nУчастие в подготовке хозяйственных договоров, внесение\nпредложений по их улучшению\nСоставление претензионных заявок и их судебное\nсопровождение\nПодготовка материалов для судебных разбирательств по\nпретензиям других компаний\nЗащита интересов предприятия в различных организациях, а\nтакже представительство компании в судах низшей,\nарбитражной или кассационной инстанций\nУчастие в разработке приказов или распоряжений по\n\f                             привлечению работников к дисциплинарной или материальной\nответственности\nПриём, систематизация и хранение любых нормативных или\nзаконодательных актов, поступающих в компанию или\nимеющих непосредственное отношение к её деятельности\nРегулярное информирование работников об изменениях в\nдействующем законодательстве, напрямую или косвенно\nотносящихся к их трудовой деятельности\nПроведение консультаций для работников компании по\nразличным вопросам права\nРазработка мероприятий, направленных на сохранение\nимущества компании и предотвращения его хищения\n\nДостижения\n\nПроведение научного исследования для получения научной\nстепени\nРазработка исследовательских материалов для практического\nприменения в процессе научного исповедования\nНаписания научной документации для публикации научных\nматериалов\n\nПрименяемые навыки\nЮриспруденция, Научно-исследовательская работа, Грамотность,\nОбслуживание клиентов, Пунктуальность, Управление рисками,\nУправление людьми, Управление проектами, Построение команды,\nВедение переговоров\n\nНоябрь 2007 —           Аудиторская компания\nАвгуст 2010             Экономист\n(2 года и 10 месяцев)\nМолдова, Кишинев\nОбязанности и достижения\nОбязанности\n\nРазработка методических материалов по планированию, учету и\nанализу деятельности предприятия\nОрганизация плановой работы\nРазработка перспективных и годовых планов хозяйственно-\nфинансовой и производственной деятельности предприятия\nРазработка бизнес-планов\nРазработка планово-учетную документацию\nРазработка нормативных, материальных, трудовых и\nфинансовых затрат\nЭкономический анализ и учет показателей деятельности\nпредприятия и его подразделений\nОпределения экономической эффективности внедрения новой\nтехники и технологии, организации труда, рационализаторских\nпредложений и изобретений\nПроведения вычислительных работ\nОформления материалов для заключения договоров\nОрганизация оперативного и статистического учета\nСоставления отчетности\nРационализация организации экономической деятельности\nпредприятия в условиях рыночной экономики\n\nДостижения\n\nПроведение научного исследования для получения научной\nстепени\nРазработка диагностических материалов для практического\n\f                            применения в процессе научного исследования\nНаписания научной документации для публикации научных\nматериалов\n\nПрименяемые навыки\nАудит, Управление проектами, Управление людьми, Ведение\nпереговоров, Построение команды, Проектное планирование,\nБюджетирование проектов, Презентации, Планирование, Мониторинг\nи анализ рынка\nАпрель 2005 —          Маркетинговая компания\nОктябрь 2007\nМаркетолог\n(2 года и 7 месяцев)\nРумыния, Бухарест\nОбязанности и достижения\nОбязанности\n\nПроводил исследования основных факторов, которые могли тем\nили иным образом повлиять на динамику потребительского\nспора на товар компании\nИсходя из исследований, разработал общую маркетинговую\nстратегию компании\nПросчитал бюджет маркетингового плана и управлял\nвыделенными средствами\nПровел категоризацию, выявил группы потенциальных\nпотребителей\nОценил перспективы рынка, на котором работало компания,\nтакже оценил будущие перспективы компании по выходу на\nновые рынки\nУстановил ценовую политику и определил требуемый\nассортимент товара\nДелал новые предложения по индивидуализации товаров для\nдальнейшей передачи информации производителям\nУстановил всевозможные каналы товарораспределения,\nразрабатывал дилерскую и дистрибьюторскую сеть\nОрганизовывал сбор информации от потенциальных клиентов о\nкачестве товара, жалобах, предложениях, придумывал способы\nпо устранению недостатков товара\nРазрабатывал стратегии всех видов рекламных мероприятий\nРазрабатывал стратегии стимулирования клиентов (активные и\nпассивные меры)\nПодготавливал предложения по оформлению нового стиля\nкомпании и продукции\nПодводил итоги по эффективности проведенных мероприятий\n\nДостижения\n\nУвеличение списка клиентов\nУвеличение объема продаж\nРазвитие линейки продукции\nОптимизация поставок продукции\nОптимизация рабочих процессов\nПроведение научного исследования для получения научной\nстепени\nРазработка диагностических материалов для практического\nприменения в процессе научного исследования\nНаписания научной документации для публикации научных\nматериалов\n\nПрименяемые навыки\nМаркетинговые исследования, Продуктовый маркетинг,\nМедиапланирование, Стратегический маркетинг, Исследование рынка,\nПовышение конверсии, Медийная реклама, Связи с общественностью,\n\f                     Стратегические коммуникации, Создание креативных концепций\n\nВысшее образование\n\nСентябрь 2014 —      Международный независимый университет Молдовы\nАвгуст 2016\nИнформатики и инженерии\nМолдова, Кишинев\nСпециализация и достижения\nСпециализация\n\nМагистр Инженерии\nОбщая область обучения Информационные и\nкоммуникационные технологии\nПрограмма обучения Компьютеры, системы и компьютерные\nсети\n\nЗнания\n\nОбъяснить принципы работы веб-серверов\nОпределить тип информационных систем\nОпределить структуру и типы информационных сетей\nОбъяснить уязвимость информационных систем и сетей\n\nНавыки\n\nАдминистрировать информационные системы\nУстановить топологию существующих вычислительных сетей и\nпредложить методы их улучшения\nРазработать новые алгоритмы информационной безопасности,\nмоделирования, информационных исследований в\nинформационной сфере\n\nУмения\n\nСоздавать и администрировать различные вычислительные сети\nПроектировать и разрабатывать собственные информационные\nсистемы\nПринимать решения при выборе методов и приемов защиты\nкомпьютеров, систем и сетей\n\nНаучная деятельность\n\nЦентральные и периферийные устройства\nС++ программирование\nАнализ числовых устройств\nПрограммирование на ассемблере\nКомпьютерные сети\nИнформационные системы\nОперационные системы и интернет-протоколы\nСетевая безопасность\nАлгоритмическое и процедурное программирование\nУправление базой данных\nУправление информационными системам\nАдминистрирование компьютерных сетей\nМетодология исследования в информатике\nАнализ и численный расчет\nКриптографические протоколы для защиты компьютерных сетей\nМобильная сеть\n\fСентябрь 2012 —   Славянский университет Молдовы\nАвгуст 2014       Гуманитарный\nМолдова, Кишинев\nСпециализация и достижения\nСпециализация\n\nМагистр Социальных наук\nСпециализация Психологическое консультирование\n\nОбщие компетенции\n\nВладеть знаниями об основных направлениях эволюции\nпсихологии как науки\nГенерировать и реализовывать оригинальные идеи, основанные\nна реалиях психологической науки\nАдаптировать и реализовать психологическую теорию в\nпрактических рабочих ситуациях\nРазрабатывать и применять психологические исследования с\nучетом личного и социального резонанса\nИспользовать информационные технологии в\nисследовательском процессе\nИнтерпретировать социальные стандарты и социальные\nотношения с точки зрения ценностей и принципов психологии\n\nСпециальные компетенции\n\nВладеть теоретическими знаниями по отраслям психологии\nИспользовать достоверные методы в психологической\nдиагностике, психокоррекции, психотерапии,\nконсультировании, стимулировании личностного развития и\nнаращивании умственных ресурсов\nРазработать психологическую деятельность на уровне\nорганизации, учебного заведения, группы, индивидуума\nКонтролировать учебное заведение, организацию, компанию\nКоординировать усилия по повышению гибкости организации\nпосредством развития организационной структуры,\nчувствительной к изменениям\nРешать проблемы в области человеческих ресурсов, подбора и\nразмещения рабочей силы, регистрации и перемещения\nперсонала, анализа рабочих мест и профессий, предотвращения\nуправленческих конфликтов, диагностики и консультирования\nперсонала\nРазработать критерии, методы и методики оценки работы групп,\nорганизаций, учебных заведений, результатов воспитательной\nработы и т. д.\nРазработать программы для оценки успеваемости детей разных\nвозрастных стадий\nОптимизировать коммуникативные навыки в образовательных\nучреждениях и организациях путем развития эмпатических\nотношений и поведения\nРеализовывать программы и проекты развития заведения\nРеализовать проекты с новыми и улучшенными концепциями\nРеализовать межкультурные образовательные программы для\nразрешения конфликтов\nИспользовать результаты исследований из смежных областей в\nработе\nИспользовать эффективные методы психологических и\nпсихолого-педагогических компетенций\nПродемонстрировать гибкость для изменения инноваций в\nобласти практической психологии\n\nНаучная деятельность\n\f                       Семейная психология и семейная воспитание\nКлиническая психология\nПсихологический клинический диагноз\nКогнитивно-поведенческая терапия\nЭкзистенциальные терапии\nОбразовательной процесс и психологическая помощи\nEMDR терапия в психологической помощи в экстремальных\nситуациях\nГештальт-терапия и транзакционный анализ\nТерапия и арт-терапия для детей\nМетодика преподавания психологии\nДетская психотерапия и психокоррекция\nГрупповое обучение психотерапии\nКонсультации и психотерапия эмоциональных расстройств\nСовременное консультирование в семейной психотерапии\nСоциально-психологические проблемы образования\nПсихологии возрастов\nПедагогическая психология\nСоциальная психология\nПсихологическое консультирование\nОрганизация психологической службы\n\nСентябрь 2010 —   Институт политической науки и международных\nАвгуст 2012       отношений\nМеждународные отношения и политические науки\nМолдова, Кишинев\nСпециализация и достижения\nСпециализация\n\nМагистр Политических наук\nСпециализация Юридические международные отношения\n\nОбщие и специальные компетенции\n\nОпределить проблемы специальности и установить приоритеты\nисследований в международных отношениях\nПрименять методологию научных исследований при изучении\nмеждународных отношений\nПроанализировать концепции, тенденции и направления\nмеждународных отношений\nРазрабатывать исследовательские проекты в международных\nотношениях\nПривнести результаты исследований в профессиональную\nдеятельность\nОценить с научной точки зрения методологические изменения в\nобласти теории международных отношений\n\nНаучная деятельность\n\nНациональная целостность\nАктуальные проблемы международной политики\nСравнительная история посткоммунистических государств\nСравнительная политология\nРегиональная и международная интеграция\nДипломатическая и консульская служба\nРоль практической дипломатии в реализации внешней\nполитики\nПравовое регулирование международных отношений\nФилософия европейского объединения\n\f                       Политика соседства: подходы и достижения\nПолитические субъекты системы международных отношений\nМетодология исследования международных отношений\nТрансатлантические отношения\nТеория общения\nПолитика сплоченности\nЭкономическое сотрудничество в системе международных\nотношени\n\nСентябрь 2007 —   Государственный институт международных отношений\nАвгуст 2010       Молдова\nМеждународных отношений и политических наук\nМолдова, Кишинев\nСпециализация и достижения\nСпециализация\n\nЛицензиат Международных отношений\nПрофиль Международные отношения\nСпециальность Экономические международные отношения\n\nОбщие и специальные компетенции\n\nЗнания и умения использовать методы политико-правовых,\nгуманитарных и социально-экономических наук в различных\nвидах профессиональной деятельности\nУмения научной и практической подготовки для применения\nзнаний в анализе и прогнозировании эволюции внутренних\n(региональных) и международных политических процессов\nУмения и опыт в разработке текстов, документов и\nаналитических заметок\nУмения анализировать исторические и современные социально-\nэкономические проблемы общества\nУмения быть вовлечен в процессы научных исследований\nУмения систематизировать и анализировать события и\nпроцессы в зависимости от специализации\n\nНаучная деятельность\n\nВступление в международные отношения\nВведение в дипломатию\nИстория дипломатии\nЭкономика\nИстория Азии и Африки\nСовременная история Европы и Америки\nИстория международного политического мышления\nКомпьютерные исследования\nМеждународные организации\nФилософия\nГражданская защита\nИстория дипломатических отношений\nИстория общественно-политического мышления\nЕвропейские политические институты\nМеждународное публичное право\nМировая экономика\nПолитическая наука\nКонституционное право\nТеория международных отношений\nТеория аргументации\nДипломатическая переписка\nТеория практики дипломатических переговоров\n\f                               Международная интеграция: Европейская модель\nПраво международных договоров\nДипломатическая служба\nДипломатическое и консульское право\nСравнительное конституционное право\nПрава человека в международных отношениях\nМеждународная политическая экономия\nДипломатический протокол и церемониал\nГеополитика\nМеждународные системы\nТеория конфликта\nМеждународные экономические отношения\nПереходные исследования\nВнешняя политика мировых держав\nМеждународная связь\nПравовой режим иностранных инвестиций\nЭволюция международной безопасности: современные периоды\nВосточноевропейские страны в контексте международных\nотношений\nМеждународный конфликт: тематическое исследование\nДемократический переход в Центральной и Восточной Европе\nВнешняя политика\nАктуальные внешнеполитические проблемы стран Азии и\nАфрики\nХолокост явление\nИслам и социальные функции\nГеополитика и безопасность\nПолитический анализ\nТеория и практика консульского обслуживания\nМногосторонняя дипломатия\nЕвропейское право\nЕвропейская безопасность\nМетодология исследования в международных отношениях\nСинергия международных отношений\nПолитические отношения между США и ЕС\nЧеловеческий аспект глобальных проблем современности\nЭкономическая дипломатия\nТеория и практика дипломатических переговоров\n\nО себе\n\nФилологические знания\n\nРусский язык\nРумынский язык\nАнглийский язык\nФранцузский язык\nУкраинский язык\n\nПрофессиональные цели\n\nСоздавать и управлять филиалы и департаменты\nРазвивать коммерческие сети и проекты\nРазвивать и обучать успешные менеджеры до уровня партнеров компании\nСоздавать свободный обмен профессиональных знаний внутри компании для развития\nсотрудников компании и привлечения клиентов и партнеров\nРаботать на результат и получать пропорциональные дивиденды результату\n\f     Анализировать и прогнозировать разумные и аргументированные действия и результаты\n\nНаучные проекты\n\nAndroid приложение \"Всемирный аудио гид\" https://fb.me/appwag\nМетодическое пособие \"Профессиональное самоопределение\" https://bit.ly/2wFTqp1\n\nХабр Карьера — вакансии для IT-специалистов\n\f","Type":"file"},{"Date":"2020-04-16T18:52:07+03:00","Email":"r.mochurad@gmail.com","Fio":"Мочурад Роман","Id":158427392,"Phone":"","Text":"Personal Information:\n\nFirst and Last Name: Roman Mochurad\nE-mail address: r.mochurad@gmail.com\nPhone number: +380972669268\nSkype ID: roman.mochurad\nDate of birth: 29.11.1999\nGithub: https://github.com/roman322\nSummary: Ready to study something new and improve myself.\nI am hard-working, fast-learning, reliable, team-player and responsible person.\n\nEducation:\n09.2010-06.2017\nLviv Gymnazium \"Yevshan\"\n09.2017-present\nBachelor of Science: Lviv Polytechnic National University (System engineering \"Intenet of\nthings\")\n06.2016-01.2017\nFinished 2 courses in Lviv IT School:\n1)Web-development(ui/ux)\n2) Python development, Mysql,Sql, soft skills I was working on 3 studying projects in team and\npresenting them in front of audience in English.\nI was working on 3 studying projects in team and presenting them in front of audience in English.\n\nSkills:\nVersion control systems: Git, Github\nBasic knowledge of Python, HTML, CSS, JS\nOS: Windows, Linux\n\fDatabases: MYSQL,SQL\nMethodologies: Scrum\n\nLanguages:\n\nUkrainian: native language\nRussian: fluent\nEnglish: upper intermediate\n\nPrevious Work Experience:\n\nWork experience related with IT:\n01.2019-02.2019\nGameloft\nRole QA engineer\n\n11.2019 – Present\nPWC\nJunior data analyst\nWork experience is not related with IT\n05.2018-09.2018\nCompany DRD Pool Service, MD, USA\nRole Lifeguard\nWork experience is not related with IT\n05.2019-09.2019\nCompany Treasure Moving, DC, USA\nRole Mover\n\f","Type":"file"},{"Date":"2020-04-15T18:18:31+03:00","Email":"danilchenwork@gmail.com","Fio":"Черненко Данило","Id":158394956,"Phone":"+380950684869","Text":"Danil Chernenko\nPersonal Info:\nAddress - Sumy, 40004\nPhone - +380950684869\nEmail - danilchenwork@gmail.com \nFacebook: https://www.facebook.com/danila.chernenko.3\nTelegram: @Cyber_Kitten\nSkills:\nQA skills and knowledge\nJira, Trello, Selenium IDE\nHTML, CSS, JavaScript, XML\nPython\nSQL (MySQL, Oracle)\nObject Oriented Programming understanding\nGit, Basic Linux knowledge\nEducation and work:\n2015-2019 Technician Programmer, Machine Building College of Sumy State University\n2019-currently studying for Bachelor of Computer Science, Sumy State University\nSpecial Education:\nMath with tutor\nComputer Science (Self education)\nCisco Virtual Academy: Introduction to Cybersecurity\nQATestLab, Netcracker QA Engineer course\nProjects: Telegram Currency Exchange Bot, Tinder Bot\nAdditional Information:\nRussian – fluent, English – (B2), Technical English – advanced, Ukrainian – fluent.\nInterests:\nReading, Cooking, lit bit of Painting                                 GitHub: https://github.com/Mr13Dan","Type":"file"},{"Date":"2020-04-15T15:12:10+03:00","Email":"antonnovember1997@gmail.com","Fio":"Трущенко Антон Олександрович","Id":158387536,"Phone":"+380963630493","Text":"Trushchenko Anton\nPersonal information\nAddress: 4 Lukasha Street, Lviv, 79012, Ukraine\nTelephone: +380963630493\nEmail: antonnovember1997@gmail.com\nDate of birth: 5th November 1997\nNationality: Ukrainian\nMarital status: single\nObjective\nJava or .NET Developer\nEducation\nDnipro Lyceum of Information Technologies at DNU (LIT) (2012-2015);\nLviv Polytechnic National University, Bachelor’s degree, Information and communications systems security (2015-2019).\nWork experience\nMetamova, 2019, January - September\nLviv, Ukraine\nTechnical service assistant (Localization engineer)\nCertificates\nC# Tutorial, SoloLearn, 08 October, 2019;\nSQL Fundamentals, SoloLearn, 08 October, 2019;\nHTML Fundamentals course, SoloLearn, 09 October 2019;\nJava Tutorial course, SoloLearn, 09 January 2020;\nJavaScript Tutorial, SoloLearn, 09 April 2020.\nPersonal qualities\nAstute\nAttentive\nConscientious\nEager to learn\nMeticulous\nFlexible\nSpecial skills\nNative Ukrainian\nNative Russian\nFluent English (Upper-Intermediate)\nDriving License (Category B)\nComputer literacy (Microsoft Office, Visual Studio, TeamViewer, Supremo, IntelliJ IDEA, PyCharm, Cisco Packet Tracer, DevC++, Android Studio)\nProgramming languages (Java, Python, C, C++, C#, VB, HTML, JS, SQL)\nHobbies: foreign languages, programming, computer games, philosophy, psychology, music","Type":"file"},{"Date":"2020-04-14T12:48:48+03:00","Email":"urlucidfall@gmail.com","Fio":"Якименко Александр","Id":158343449,"Phone":"+380995696969","Text":"Aleksandr Yakimenko\nGolang developer\n\nМестоположение\nПроживание: Украина, Кировоград\nГотовность к работе: готов к удаленной работе\n\nВозраст и стаж\nСтаж: 1 год\nВозраст: 19 лет\n\nКонтактная информация\nХабр Карьера: https://career.habr.com/alyakimenko\nМоб.: +380995696969\nTelegram: @urlucidfall\nEmail: urlucidfall@gmail.com\nGitHub: https://github.com/alyakimenko\nGitLab: https://gitlab.com/alyakimenko\n\nПрофессиональные навыки\n\nGolang • SQL • PostgreSQL • Restful api • Redis • Docker • Linux • Git • Сетевые технологии • CI/CD\nmethodologies\n\nУчастие в профессиональных сообществах\n\nМарт 2018 —                  GitHub\nПо наст. время               @alyakimenko: 1354 вклада в 16 репозиториев, связан с языками:\n(2 года и 1 месяц)\nGo • Python • HTML • Crystal • Rust • Java\n\nОпыт работы\n\nСентябрь 2019 —              Outlines Tech\nМарт 2020                    Golang Developer\n(7 месяцев)\nРоссия, Москва\n\nОбязанности и достижения\nРазработка и тестирование REST API сервиса поиска работы.\nКлючевые технологии: Golang, Python, PostgreSQL (pgx для\nвзаимодействия с базой), Redis, JWT, Docker.\nПрименяемые навыки\nGolang, Redis, PostgreSQL, Restful api, Git, Docker, OpenAPI\nSpecification, CI/CD methodologies, Тестирование ПО\n\nАпрель 2019 —                Moonshard\nОктябрь 2019                 Golang Developer\n(7 месяцев)\nРоссия, Москва\n\nОбязанности и достижения\n\f                          Разработка ядра децентрализованного, распределенного чата.\nGolang, libp2p, база данных GUN.\nПрименяемые навыки\nGolang, Git, Сетевые технологии, Многопоточность\n\nВысшее образование\n\nСентябрь 2017 —           Центральноукраинский национальный технический\nПо наст. время            университет\nМеханики\nУкраина, Кировоград\n\nСпециализация и достижения\nКомпьютерная инженерия.\n\nХабр Карьера — вакансии для IT-специалистов\n\f","Type":"file"},{"Date":"2020-04-13T10:03:46+03:00","Email":"adonis56@gmail.com","Fio":"Сенчишин Михайло Дмитрович","Id":158297037,"Phone":"+380673447149","Text":"Mykhailo Senchyshyn\n\nDate of birth: January 5, 1957.\n\nAddress: Ukraine, Ivano-Frankis’k city.\n\nE-mail: adonis56@gmail.com\nSkype: ariel1956\nViber: +38 091-612-9930\nPhone: +38 067-344-7149\n\nExperience:\n\nBeginning of             End of period     Organization              Position\nperiod\n\nAugust, 2017                               Information               Java programmer\nanalytical center of\nmedical statistics\n\nMay, 2007                September, 2016   SoftServe                 Java developer\n\nApril, 2007              May, 2007         VIP partner               Java developer\n\nJuly, 2005               April, 2007       Eleks                     Java developer\n\nSeptember, 2001          July, 2005        Beskyd                    Java developer\n\nMay, 1986                September, 2001   Ministry of Interior of   Employe\nUkraine\n\nJune, 1981               May, 1986         ChlorineVinyl             Programmer\n\nMay, 1979                June, 1981        Western Ukrainian         Programmer\nreconnaissance\nexpedition\n\nNovember, 1978           May, 1979         Lviv main                 Programmer\ndepartment of\nindustrial\nconstruction\n\nSkills:\n●      Java - 15 years\n●      CheckStyle - 5 years\n●      PMD - 5 years\n●      FindBugs - 5 years\n\f   ●   Assembler IBM/370 - 12 years\n●   Fortran - 2 years\n●   JavaScript - 4 years\n●   HTML - 4 years\n●   CSS - 1 year\n●   JQuery - 1 year\n●   Ajax - 1 year\n●   XML - 4 years\n●   XSLT - 2 years\n●   UML - 0.5 year\n●   RESTfull web services - 2 years\n●   Apache Tomcat - 3 years\n●   Nginx - 0.5 year\n●   Git - 0.5 year\n●   SVN - 4 years\n●   VMware - 1 year\n●   Jenkins/Hudson - 1 year\n●   SQL - 5 years\n●   MySQL - 1 year\n●   Oracle - 4 years\n●   MS SQL - 1 year\n●   PostgreSQL - 1 year\n●   Windows - 15 years\n●   Linux - 0.5 year\n●   Scrum - 0.5 year\n●   MS Office - 10 years\n\nEducation:\nLviv Polytechnic Institute, 1978; qualification: engineer-mathematician.\n\f","Type":"file"},{"Date":"2020-04-11T13:44:05+03:00","Email":"kkonstantin622@gmail.com","Fio":"Константинов Константин Константинович","Id":158261931,"Phone":"+380674377609","Text":"Резюме от 08.04.2020\n\nИнтернет-маркетолог, SEO-специалист, PHP-программист, полная занятость, неполная занятость, удаленная работа\n\nВозраст: 30 лет\nЖелаемый город работы: Великая Новоселка, Киев\n\nКонтактная информация\nТелефон: +380674377609\nЭл. почта: kkonstantin622@gmail.com\n\nОпыт работы\nМаркетолог c 01.2015 по 01.2020 (5 лет)\nмаркетолог (маркетолог)\n\nОбразование\nВысшее c 01.2006 по 03.2011\nтгату, энергетика, энергетика\n\nДополнительная информация\nНаличие трех красных дипломов.\r\n    067 437-76-09 \r\nскайп konstantink599\r\n\r\nОпыт : сопровождения вебинаров на ютуб(онлайн-трансляций), контент-менеджера интернет магазинов и сайтов, работы в колл центре, работы линкбилдером, продвижения по поисковым фразам, SMM, SEO, крауд маркетологом, поиск информации, работа с гугл документами, создания сайтов, менеджером по продажам, маркетологом, выведение в топ по запросам, раскрутка ютуб канала.\r\n\r\nЗнание основ PHP, HTML, ООП, MySQL/SQL, Git;\r\nОпыт PHP, HTML, ООП, MySQL/SQL, Git\r\nИщу удаленную постоянную работу(полный рабочий день).","Type":"resume"},{"Date":"2020-04-08T21:44:10+03:00","Email":"mikolapyatnichuk@gmail.com","Fio":"Пятничук Микола Миколайович","Id":158184807,"Phone":"+380951556758","Text":"Резюме от 20.01.2020\n\nFront-end програміст, полная занятость, неполная занятость, удаленная работа\n\nВозраст: 21 год\nЖелаемый город работы: Ивано-Франковск\n\nКонтактная информация\nТелефон: +380951556758\nЭл. почта: mikolapyatnichuk@gmail.com\n\nОбразование\nСреднее специальное c 09.2015 по 07.2019\nКоледж Електронних Приладів, Програмна інженерія, Ивано-Франковск\n\nДополнительное образование\n6 місяців - Circle (Web academy)\n\nПрофессиональные навыки\nНавыки работы с компьютером\nВолодіння технологіями:\r\n- Html5;\r\n- css3;\r\n- javascript(ES 6);\r\n- bootstrap 4;\r\n- pug;\r\n- sass;\r\n- gulp;\r\n- mysql/postgressql\r\n- vue;\r\n- mongodb;\r\n- wordpress/php;\r\n- adaptive/responsive/pixel-perfect\nВладение языками\nАнглійська - средний\nУкраїнська - свободно\nРосійська - продвинутый\n\nДополнительная информация\nКомунікабельність, відповідальність, організаторські здібності, вміння працювати в колективі, цілеспрямованість, порядність, легко навчаюсь.\n\nСоциальные сети\nInstagram: https://www.instagram.com/k_pyatnichuk99\n","Type":"resume"}]},{"Active":true,"Adress":0,"Blocked":0,"Date":"2020-04-27T17:04:40+03:00","DateExpire":"0001-01-01T00:00:00","Id":3873636,"Name":"Викладач ІТ онлайн-курсів по роботі із даними (Data Academy SQL.ua) у Київ","Publication":"standart_job","Region":44,"TextResponse":0,"Responses":[{"Date":"2020-04-28T00:42:48+03:00","Email":"maxim.lupey@gmail.com","Fio":"Lupey Max","Id":158768149,"Phone":"+380976083795","Text":"Резюме от 09.09.2019\n\nProject manager, coordinator, полная занятость, удаленная работа\n\nВозраст: 30 лет\nЖелаемый город работы: Ужгород\n\nКонтактная информация\nТелефон: +380976083795\nЭл. почта: maxim.lupey@gmail.com\n\nДополнительная информация\nMaksym Lupei, Engineering Manager\r\nUkraine, Uzhgorod.\r\nDOB: 02/01/1990\r\n__________\r\n• Languages:\r\n1 English​: advanced.\r\n2 Ukrainian​: native.\r\n3 Russian​: fluent.\r\n4 Hungarian​: beginner.\r\n5 Polish: ​beginner.\r\n• Contact phone number: +380976083795\r\n• Email: maxim.lupey@gmail.com\r\n\r\nSummary:\r\n\r\n•   9+ years of professional experience in ​IT\r\n•   4+ years of professional experience in ​Solving communication problems, Hire, train, and \r\nmentor other engineers, Maintaining the scrum process. Leading projects, teams\r\n•   4+ years of professional experience in development, analysis, design, implementation,\r\ntesting and support of Object-Oriented Applications, Client/server and\r\nWindows/Web-based applications, developing distributed applications using C#,\r\nASP.NET, MS SQL SERVER, and various web technologies.\r\n•   4+ years of management experience.\r\n•   Experienced in rendering AJAX features for building Rich Interactive Applications using\r\nAjax Control Toolkit, JQuery.\r\n•   Skilled in working with tuning and designing database tables, SQL Queries, Stored\r\nProcedures, Functions, troubleshooting and performance tuning of the queries for large\r\ndatabases.\r\n•   Adept in creating test cases, TDD.\r\n•   A good team player with experience of working with big/small/medium sized teams in a\r\ncombination of off-shore and on-site people.\r\n•   Strong Agile/Scrum experience.\r\n\r\nTechnical skills:\r\nLanguages/Architecture​: C#, PHP, JS, HTML, CSS, Delphi, Prolog, SQL, LINQ.\r\nIDE Tools: Visual Studio​ 2012/2010/2008\r\nInternet Technologies​: JavaScript, JQuery, AJAX, ASP .NET, CSS, HTML, MVC, WebForms.\r\nRDBMS:​ MS SQL Server 2005/2008 R2\r\nDatabase Connectivity:​ ADO. NET, LinqToSql, Microsoft Entity Framework\r\nTracking & Management Tools:​ Jira, Assembla, Pivotal Tracker, RallyDev, Kanbanpad, Trello\r\nVersion Control Systems​: GIT, SVN\r\nTesting frameworks:​ NUnit, Selenium\r\n\r\nPersonal achievements:\r\n\r\n• Proposed an idea which made a 30% increase in revenue.\r\n• Established an AGILE process in more than 5 teams.\r\n\r\nEducation:\r\nFaculty of Mathematics\r\nSeptember 2007 – August 2012\r\nUzhgorod National University ​http://www.univ.uzhgorod.ua/en/\r\nSpecialization​:​ ​Applied informatics.\r\nDegree​: Master.\r\nQualification work​: “Researching performance and optimization of ASP.NET websites”\r\n","Type":"resume"},{"Date":"2020-04-28T00:11:00+03:00","Email":"nastiapetrenko2013@gmail.com","Fio":"Петренко Анастасия","Id":158767630,"Phone":"+48784390218","Text":"Петренко Анастасия\n\nЛичные данные:\nДата рождения :11 ноября 1999г.\nГород: Черкассы/Сосновец, Польша\nМобильный телефон: +380671126518 - Viber, Telegram, WhatsApp\n+48784390218\nАдрес e-mail: nastiapetrenko2013@gmail.com\n\nОпыт работы:\n07.2019 - до нынешнего момента\nRGIS - сотрудник фирмы, которая предоставляет услуги инвентаризации\n\nОбразование: \n10.2017-11.2019 Wyższa Szkoła Humanitas Сосновец, Польша\nФакультет: “Zarządzanie zasobami ludzkimi” (Управление человеческими ресурсами) \nБакалавр \n\n10.2019 - 02.2021 Wyższa Szkoła Humanitas Сосновец, Польша\nФакультет: “Reklama i kreowanie wizerunku firmy” (Реклама и создание имиджа фирмы) \nМагистр\n\nПрофессиональные навыки:\nНавыки работы с компьютером:\nMS Office - уверенный пользователь\nAdobe, Zoho People, Access, Cake HR - знание на среднем уровне\n\n04.2020 Прошла курс от компании QaTestLab  «Основы тестирования ПО»\n\nЛичностные навыки:\nБыстро нахожу нужную информацию. Ответственная, пунктуальная, организованная.\nС аккуратностью отношусь к работе. Умею работать в команде и быстро нахожу общий язык с коллегами. Быстро обучаюсь. К работе отношусь с максимальной отдачей. Внимательная к деталям работы. Готова изучать новые для меня направления работы.\n\nЗнание языков:\nРусский-эксперт\nУкраинский-эксперт\nАнглийский-средний\nПольский-средний","Type":"file"},{"Date":"2020-04-27T10:24:27+03:00","Email":"happinessnekrasova@gmail.com","Fio":"Светлана Некрасова","Id":158728166,"Phone":"+380933924352","Text":"Svetlana Nekrasova\nHR/Recruiter\nMay 25, 1994\n+380933924352\nhappinessnekrasova@gmail.com\nlinkedin.com/in/svetlananekrasovahr\nSkype: live:happinessnekrasova\n\nSummary of Qualifications​_                                    Skills​_\n●   Boolean & X-Ray Search\n4+ years of IT-recruiting and HR experience. Participant and\nspeaker on conferences.                                           ●   Interviewing\n●   Managing\nOrganized the First International Conference for HR and           ●   Coaching\nRecruiters in the training format 2018 in Odessa.\n●   Career Consulting\nSince October 2017 - a Career Coach at Beetroot Academy,          ●   Adaptation\nMykolaiv.\n●   Copywriting\nI created an offline recruiting course in Mykolaiv and            ●   Presentations\nsuccessfully launched.\n●   Negotiations\nEngaged in reading fiction literature (favorite writers: Ray\nBradbury, Benjamin Franklin and Arthur Hailey), scientific\n(cognitive psychology, Carl Gustav Jung) and business books\n(45 manager tattoos, Black Swan, Antifragility, A-players).\n\nAmateur sportsmen (bicycle rider).\n\nEnglish: Upper-Intermediate\n\nExperience​_\n\n// P\n​ ostindustria, Mykolaiv, Ukraine\n\nHRM ​& ​Recruiter\n\nAug 2016 – to Apr 2020\n\n● Organized the onboarding process for newcomers.\n● Mentored and lead recruiter specialist.\n\f● Engaged in the development of the company brand.\n● Represented the company at the conferences and others events.\n● Organized the work of the company’s internal IT-school.\n● 4000+ researched candidates through Github, Linkedin, Source.io and social networks (use\nboolean search).\n● 70+ closed positions (Middle PHP Engineer, Android Dev, Senior iOS Developer, and Team Lead.).\n● Improved motivational system and corporate culture.\n● Organized 10+ corporate events (corporate parties, interest clubs).\n\n// A\n​ lpha Serve, Mykolaiv, Ukraine\n\nHR ​& ​Recruiter\n\nJan 2015 – Jul 2016\n\n●   Search and recruiting.\n●   Supported newcomer’s information and adaptation.\n●   Surveyed team members and changes implementation.\n●   Make maintenance HRM records for all existing and incoming employees.\n●   Implemented Personal Development Plans.\n●   25+ closed positions from Junior Android Developer to PM.\n\n// A\n​ lpha Serve, Mykolaiv, Ukraine\n\nCopywriter\n\nJan 2013 – Jan 2015\n\n3000+ releases for the company with adaptations to different sites, news rewrite texts and deep\ncopywriting.\n\f","Type":"file"},{"Date":"2020-04-26T08:42:37+03:00","Email":"","Fio":"Ірина Гишпіль","Id":158700247,"Phone":"+380931488263","Text":null,"Type":"easy"},{"Date":"2020-04-25T22:27:11+03:00","Email":"viiikusja2@gmail.com","Fio":"Скорищенко Виктория Александровна","Id":158696227,"Phone":"+380973153603","Text":"Резюме от 19.04.2020\n\nПреподаватель английского, от 20000грн/мес., удаленная работа\n\nВозраст: 30 лет\nЖелаемый город работы: Измаил\n\nКонтактная информация\nТелефон: +380973153603\nЭл. почта: viiikusja2@gmail.com\n\nОпыт работы\nРепетитор по английскому языку c 09.2015 по наст. время (4 года 7 месяцев)\nНа дому (Обучение английскому языку всех желающих)\nПовышение уровня английского языка каждый день, общение со школьниками и взрослыми. Разработала свою систему преподавания.\n\nОбразование\nВысшее c 06.2006 по 06.2011\nИГГУ, иностранных языков (англо-нем), Измаил\nПедагогическое образование, филолог, преподаватель английского, немецкого языков и зарубежной литературы\n\nДополнительное образование\n2019- бессрочно - TKT Module 1\n\nПрофессиональные навыки\nНавыки работы с компьютером\nУверенный пользователь ПК.\nВладение языками\nАнглийский - продвинутый\nУкраинский - свободно\nНемецкий - средний\n\nДополнительная информация\nЛегко нахожу контакт с людьми разных возрастов и профессий.\r\nЛегко обучаема, не боюсь новой работы.\n\nСоциальные сети\nFacebook: https://www.facebook.com/viktoria.skorischenkousova\n","Type":"resume"},{"Date":"2020-04-25T19:41:06+03:00","Email":"alinka-kleshch@mail.ru","Fio":"Клещ Алiна Александрiвна","Id":158693302,"Phone":"+380961982985","Text":"Резюме от 09.03.2020\n\nВикладач фортепіано, музики, от 10000грн/мес., полная занятость, неполная занятость\n\nВозраст: 26 лет\nЖелаемый город работы: Киев\n\nКонтактная информация\nТелефон: +380961982985\nЭл. почта: alinka-kleshch@mail.ru\n\nОпыт работы\nКонцертмейстер c 09.2017 по 02.2019 (1 год 5 месяцев)\nМЦКМ Жовтневий палац (Концертмейстер класичного балету, народного коллективу \"Просвiт\")\n\nЗавiдувач кафедри теорii та методики постановки голосу c 05.2017 по 02.2019 (1 год 9 месяцев)\nНПУ iм. М. П. Драгоманова (Факультет мистецтв)\nРобота з документацiею, паперами, обробка iнформацii та навантаження викладачiв.\n\nВикладач фортепіано c 04.2017 по 02.2019 (1 год 10 месяцев)\nШкола Гармонiя (Iндивiдуальнi заняття з музики та фортепiано)\n\nАкомпанiатор c 11.2015 по 05.2016 (6 месяцев)\nТЦ\"Шевченківець\" (Хореографічний колектив \"Пульс\")\n\nАкомпанiатор c 10.2013 по 05.2016 (2 года 7 месяцев)\nКиiвський палац дiтей та юнацтва (Вул. Мазепы 13)\nАкомпанiатор цирковоi студii \"Але-ап\" та класичного балету \"Vira\"\n\nДополнительное образование\n2008-2012 год - СВУМiК   iм. Д. С. Бортнянського\n\nПрофессиональные навыки\nНавыки работы с компьютером\nСредний\nВладение языками\nАнглійська - начинающий\n\nДополнительная информация\nПедагог по фортепиано. Знание методик раннего развития. Подбор музыкального репертуара. Занятие с детками дошкольного и подросткового возраста.\n\nСоциальные сети\nFacebook: https://www.facebook.com/alinka.kleshch\n","Type":"resume"}]}]